{
  "project_info": {
    "project_number": "627661612952",
    "project_id": "smb-mini-projects",
    "storage_bucket": "smb-mini-projects.appspot.com"
  },
  "client": [
    {
      "client_info": {
        "mobilesdk_app_id": "1:627661612952:android:2853cc635060a5585faded",
        "android_client_info": {
          "package_name": "com.example.mini_project_1"
        }
      },
      "oauth_client": [
        {
          "client_id": "627661612952-tv3sjhfo2t9hr1scmqsmmjtf0hn21288.apps.googleusercontent.com",
          "client_type": 3
        }
      ],
      "api_key": [
        {
          "current_key": "AIzaSyDhEO0IRt3ZdWyY8gZvhSzpaflvB-dsg58"
        }
      ],
      "services": {
        "appinvite_service": {
          "other_platform_oauth_client": [
            {
              "client_id": "627661612952-tv3sjhfo2t9hr1scmqsmmjtf0hn21288.apps.googleusercontent.com",
              "client_type": 3
            }
          ]
        }
      }
    }
  ],
  "configuration_version": "1"
}